{"train_loss_step": -1355.57568359375, "trainer/global_step": 137, "_timestamp": 1687365729.8681219, "_runtime": 117.68865275382996, "_step": 137}