{"train_loss_step": -1355.57568359375, "trainer/global_step": 137, "_timestamp": 1687366581.0045938, "_runtime": 172.5139389038086, "_step": 137}