{"train_loss_batch": 28.610496520996094, "epoch": 0, "trainer/global_step": 49, "_timestamp": 1687443261.5008411, "_runtime": 32.221524238586426, "_step": 1}