train_loss_batch,epoch,step
28.519615173339844,0,49
26.880126953125,0,99
