{"train_loss_batch": 28.530838012695312, "epoch": 0, "trainer/global_step": 49, "_timestamp": 1687443394.95312, "_runtime": 32.25975799560547, "_step": 1}