{"train_loss_step": -1332.1209716796875, "epoch": 0, "trainer/global_step": 2449, "_timestamp": 1687361139.1314387, "_runtime": 2385.3919627666473, "_step": 48, "_wandb": {"runtime": 2540}}