{"train_loss_step": -1355.57568359375, "trainer/global_step": 137, "_timestamp": 1687367065.8248982, "_runtime": 119.2981972694397, "_step": 137}