{"train_loss_batch": NaN, "epoch": 0, "trainer/global_step": 749, "_timestamp": 1687432826.707903, "_runtime": 419.92655301094055, "_step": 14, "_wandb": {"runtime": 435}}