{"train_loss_batch": NaN, "epoch": 0, "trainer/global_step": 249, "_timestamp": 1687439585.3246925, "_runtime": 157.99494338035583, "_step": 4, "_wandb": {"runtime": 173}}