{"train_loss_step": -3566.427490234375, "epoch": 0, "trainer/global_step": 249, "_timestamp": 1687362243.362242, "_runtime": 246.14386200904846, "_step": 4, "_wandb": {"runtime": 249}}