{"val_loss_batch_step": 1.3862943649291992, "trainer/global_step": 2493, "_timestamp": 1687401820.6547453, "_runtime": 122.1129822731018, "_step": 139, "val_loss_batch_epoch": 27.523841857910156, "val_loss_epoch": 3806.21142578125, "val_acc_epoch": 0.5320855614973262, "val_prec_epoch": 0.1241634923967372, "val_recall_epoch": 0.12885420510110507, "val_f1_epoch": 0.12162166204103188, "epoch": 0, "_wandb": {"runtime": 122}}