{"train_loss_batch": NaN, "epoch": 0, "trainer/global_step": 99, "_timestamp": 1687440022.8981245, "_runtime": 268.4495635032654, "_step": 1, "_wandb": {"runtime": 284}}