{"train_loss_batch": NaN, "trainer/global_step": 199, "_timestamp": 1687441846.3915157, "_runtime": 187.02834463119507, "_step": 4}