{"train_loss_batch": 28.512842178344727, "epoch": 0, "trainer/global_step": 49, "_timestamp": 1687443861.556693, "_runtime": 38.11533498764038, "_step": 1}