{"val_loss_batch_step": 1.3862943649291992, "trainer/global_step": 1246, "_timestamp": 1687436664.1207943, "_runtime": 51.237964391708374, "_step": 71, "val_loss_batch_epoch": NaN, "val_loss": NaN, "val_acc": 0.531634446397188, "val_prec": 0.2277699070228806, "val_recall": 0.1810784596884454, "val_f1": 0.12079032465009042, "epoch": 0, "train_loss": 0.0, "train_acc": 0.531634446397188, "train_prec": 0.2277699070228806, "train_recall": 0.1810784596884454, "train_f1": 0.12079032465009042, "_wandb": {"runtime": 55}}