{"val_loss_batch_step": 23.678964614868164, "trainer/global_step": 164, "_timestamp": 1687402116.7901971, "_runtime": 160.5955102443695, "_step": 166, "val_loss_batch_epoch": 27.523841857910156, "val_loss": 3806.21142578125, "val_acc": 0.5320855614973262, "val_prec": 0.1241634923967372, "val_recall": 0.12885420510110507, "val_f1": 0.12162166204103188, "epoch": 0, "train_loss": 0.0, "train_acc": 0.5320855614973262, "train_prec": 0.1241634923967372, "train_recall": 0.12885420510110507, "train_f1": 0.12162166204103188, "_wandb": {"runtime": 160}}