{"train_loss_batch": NaN, "epoch": 0, "trainer/global_step": 1246, "_timestamp": 1687421278.4929037, "_runtime": 721.0257167816162, "_step": 95, "val_loss_batch_step": NaN, "val_loss_batch_epoch": NaN, "val_loss": NaN, "val_acc": 0.5060932239556166, "val_prec": 0.1165167254541117, "val_recall": 0.04633743297987953, "val_f1": 0.03538562965423634, "train_loss": NaN, "train_acc": 0.5060932239556166, "train_prec": 0.1165167254541117, "train_recall": 0.04633743297987953, "train_f1": 0.03538562965423634, "_wandb": {"runtime": 721}}