{"train_loss_batch": NaN, "epoch": 0, "trainer/global_step": 1246, "_timestamp": 1687433750.4270449, "_runtime": 817.1547048091888, "_step": 95, "val_loss_batch_step": NaN, "val_loss_batch_epoch": NaN, "val_loss": NaN, "val_acc": 0.5065199867229361, "val_prec": 0.29771207071587613, "val_recall": 0.04831218783330886, "val_f1": 0.03672712460763541, "train_loss": NaN, "train_acc": 0.5065199867229361, "train_prec": 0.29771207071587613, "train_recall": 0.04831218783330886, "train_f1": 0.03672712460763541, "_wandb": {"runtime": 817}}