{"train_loss_batch": NaN, "trainer/global_step": 99, "_timestamp": 1687444035.3992622, "_runtime": 45.18161416053772, "_step": 2}