{"val_loss": -1119037.25, "epoch": 0, "trainer/global_step": 2493, "_timestamp": 1687353913.1471899, "_runtime": 146.18972492218018, "_step": 0}