{"train_loss_step": -1355.57568359375, "trainer/global_step": 137, "_timestamp": 1687365209.218982, "_runtime": 118.8391969203949, "_step": 137}