{"train_loss_step": -1355.57568359375, "trainer/global_step": 137, "_timestamp": 1687364670.2992876, "_runtime": 115.33712458610535, "_step": 137, "_wandb": {"runtime": 115}}