{"train_loss_step": -185660.90625, "epoch": 0, "trainer/global_step": 49, "_timestamp": 1687357428.068089, "_runtime": 60.910236120224, "_step": 0, "_wandb": {"runtime": 67}}