{"train_loss_step": -270860.28125, "epoch": 0, "trainer/global_step": 1149, "_timestamp": 1687357277.8796854, "_runtime": 1255.181874513626, "_step": 22, "_wandb": {"runtime": 1263}}