{"train_loss_batch": NaN, "epoch": 0, "trainer/global_step": 1246, "_timestamp": 1687434982.7575934, "_runtime": 811.9864723682404, "_step": 95, "val_loss_batch_step": NaN, "val_loss_batch_epoch": NaN, "val_loss": NaN, "val_acc": 0.5068519133197401, "val_prec": 0.361981371015248, "val_recall": 0.04913241894564748, "val_f1": 0.03832935244699458, "train_loss": NaN, "train_acc": 0.5068519133197401, "train_prec": 0.361981371015248, "train_recall": 0.04913241894564748, "train_f1": 0.03832935244699458, "_wandb": {"runtime": 812}}