{"train_loss_batch": 28.71862030029297, "epoch": 0, "trainer/global_step": 49, "_timestamp": 1687401651.5058053, "_runtime": 58.62417030334473, "_step": 0, "_wandb": {"runtime": 72}}