{"train_loss_batch": NaN, "epoch": 2, "trainer/global_step": 3021, "_timestamp": 1687439278.554546, "_runtime": 2081.3096702098846, "_step": 1942, "val_loss_batch_step": NaN, "val_loss_batch_epoch": NaN, "val_loss": NaN, "val_acc": 0.5063113937265695, "val_prec": 0.4461270217378508, "val_recall": 0.08903046843858291, "val_f1": 0.03358369418965006, "train_loss": NaN, "train_acc": 0.5063113937265695, "train_prec": 0.4461270217378508, "train_recall": 0.08903046843858291, "train_f1": 0.03358369418965006, "_wandb": {"runtime": 2080}}