{"train_loss_step": -1082.5965576171875, "epoch": 0, "trainer/global_step": 599, "_timestamp": 1687358490.808675, "_runtime": 649.0634679794312, "_step": 11, "_wandb": {"runtime": 664}}