{"train_loss_step": -0.0, "trainer/global_step": 138, "_timestamp": 1687374086.3648138, "_runtime": 484.53575587272644, "_step": 138}