{"train_loss_batch": NaN, "epoch": 0, "trainer/global_step": 499, "_timestamp": 1687436575.8049955, "_runtime": 323.838826417923, "_step": 9, "_wandb": {"runtime": 329}}