{"train_loss_batch": NaN, "epoch": 0, "trainer/global_step": 1246, "_timestamp": 1687417814.7644405, "_runtime": 724.3407485485077, "_step": 95, "val_loss_batch_step": NaN, "val_loss_batch_epoch": NaN, "val_loss": NaN, "val_acc": 0.5059509696998435, "val_prec": 0.14755347084817633, "val_recall": 0.04833476078864408, "val_f1": 0.03679257570897823, "train_loss": NaN, "train_acc": 0.5059509696998435, "train_prec": 0.14755347084817633, "train_recall": 0.04833476078864408, "train_f1": 0.03679257570897823, "_wandb": {"runtime": 724}}