{"train_loss_batch": NaN, "epoch": 0, "trainer/global_step": 49, "_timestamp": 1687444247.3775327, "_runtime": 43.073747634887695, "_step": 1}