{"train_loss_batch": NaN, "epoch": 0, "trainer/global_step": 1246, "_timestamp": 1687403835.6586585, "_runtime": 1473.3342235088348, "_step": 95, "val_loss_batch_step": NaN, "val_loss_batch_epoch": NaN, "val_loss": NaN, "val_acc": 0.5468253591919958, "val_prec": 0.16533537918664812, "val_recall": 0.11095815211032428, "val_f1": 0.12343484664476055, "train_loss": NaN, "train_acc": 0.5468253591919958, "train_prec": 0.16533537918664812, "train_recall": 0.11095815211032428, "train_f1": 0.12343484664476055, "_wandb": {"runtime": 1473}}