{"train_loss_batch": 28.72441864013672, "epoch": 0, "trainer/global_step": 49, "_timestamp": 1687443482.423775, "_runtime": 37.60616683959961, "_step": 1}