{"val_loss": -1119037.25, "epoch": 1, "trainer/global_step": 4987, "_timestamp": 1687354363.5395236, "_runtime": 225.5176146030426, "_step": 1, "_wandb": {"runtime": 230}}